CREATE TABLE TB_MULTICONNECTION (
	LOCATION	VARCHAR2(200)		NOT NULL, 
	REG_DATE	DATE				DEFAULT SYSDATE		NOT NULL
);

COMMENT ON TABLE TB_MULTICONNECTION IS '멀티커넥션 테스트';
COMMENT ON COLUMN TB_MULTICONNECTION.LOCATION IS '위치';
COMMENT ON COLUMN TB_MULTICONNECTION.REG_DATE IS '등록일';

-- 디비 A(KMEMBER 디비)
INSERT INTO TB_MULTICONNECTION (LOCATION, REG_DATE) VALUES ('KMEMBER 디비', SYSDATE);

-- 디비 B(TRADE 디비)
INSERT INTO TB_MULTICONNECTION (LOCATION, REG_DATE) VALUES ('TRADE 디비', SYSDATE);

===============================================================================

CREATE TABLE TB_MEMBER (
	MEMBER_SEQ		NUMBER			NOT NULL, 
	LOGIN_ID		VARCHAR2(100)	NOT NULL,
	PWD				VARCHAR2(100)	NOT NULL,
	MEMBER_NM		VARCHAR2(100)	NOT NULL,
	MEMBER_TYPE		VARCHAR2(1)		NOT NULL, 
	EMAIL			VARCHAR2(100),
	HP_TEL			VARCHAR2(30),
	DEPT_ID			VARCHAR2(1000),
	JOIN_DATE		DATE			DEFAULT SYSDATE		NOT NULL, 
	DORMANT_YN		VARCHAR2(1)		DEFAULT 'N'			NOT NULL, 
	DORMANT_DATE	DATE, 
	LEAVE_YN		VARCHAR2(1)		DEFAULT 'N'			NOT NULL, 
	LEAVE_DATE		DATE, 
	LOGIN_DATE		DATE, 
	REG_ID			VARCHAR(20)		NOT NULL,
	REG_DATE		DATE			DEFAULT SYSDATE		NOT NULL, 
	UPD_ID			VARCHAR(20)		NOT NULL,
	UPD_DATE		DATE			DEFAULT SYSDATE		NOT NULL
);

CREATE UNIQUE INDEX PK_TB_MEMBER ON TB_MEMBER (MEMBER_SEQ);

ALTER TABLE TB_MEMBER ADD (
	CONSTRAINT PK_TB_MEMBER
	PRIMARY KEY (MEMBER_SEQ)
);

COMMENT ON TABLE TB_MEMBER IS '사용자';
COMMENT ON COLUMN TB_MEMBER.MEMBER_SEQ IS '사용자시퀀스';
COMMENT ON COLUMN TB_MEMBER.LOGIN_ID IS '로그인 아이디';
COMMENT ON COLUMN TB_MEMBER.PWD IS '비밀번호';
COMMENT ON COLUMN TB_MEMBER.MEMBER_NM IS '이름';
COMMENT ON COLUMN TB_MEMBER.MEMBER_TYPE IS '사용자 타입';
COMMENT ON COLUMN TB_MEMBER.EMAIL IS '이메일';
COMMENT ON COLUMN TB_MEMBER.HP_TEL IS '휴대폰';
COMMENT ON COLUMN TB_MEMBER.DEPT_ID IS '부서 아이디';
COMMENT ON COLUMN TB_MEMBER.JOIN_DATE IS '가입일시';
COMMENT ON COLUMN TB_MEMBER.DORMANT_YN IS '휴면여부';
COMMENT ON COLUMN TB_MEMBER.DORMANT_DATE IS '휴면일시';
COMMENT ON COLUMN TB_MEMBER.LEAVE_YN IS '탈퇴여부';
COMMENT ON COLUMN TB_MEMBER.LEAVE_DATE IS '탈퇴일시';
COMMENT ON COLUMN TB_MEMBER.LOGIN_DATE IS '로그인일시';
COMMENT ON COLUMN TB_MEMBER.REG_ID IS '등록아이디';
COMMENT ON COLUMN TB_MEMBER.REG_DATE IS '등록일';
COMMENT ON COLUMN TB_MEMBER.UPD_ID IS '수정아이디';
COMMENT ON COLUMN TB_MEMBER.UPD_DATE IS '수정일';

INSERT INTO TB_MEMBER (MEMBER_SEQ, LOGIN_ID, PWD, MEMBER_NM, MEMBER_TYPE, REG_ID, UPD_ID)
VALUES (1, 'admin', '0ffe1abd1a08215353c233d6e009613e95eec4253832a761af28ff37ac5a150c', '슈퍼관리자', 'A', 'admin', 'admin');

===============================================================================

CREATE TABLE TB_BOARD (
	BOARD_SEQ		NUMBER			NOT NULL,
	ARTICLE_SEQ		NUMBER			NOT NULL,
	TITLE			VARCHAR(300)	NOT NULL,
	CONTENTS		VARCHAR(4000)	NOT NULL,
	ATTACH_SEQ		VARCHAR(30)		DEFAULT NULL,
	VIEW_CNT		NUMBER			DEFAULT 0			NOT NULL,
	DELETE_YN		VARCHAR(1)		DEFAULT 'N'			NOT NULL,
	REG_ID			VARCHAR(20)		NOT NULL,
	REG_DATE		DATE			DEFAULT SYSDATE		NOT NULL,
	UPD_ID			VARCHAR(20)		NOT NULL,
	UPD_DATE		DATE			DEFAULT SYSDATE		NOT NULL
);

CREATE UNIQUE INDEX PK_TB_BOARD ON TB_BOARD (BOARD_SEQ, ARTICLE_SEQ);

ALTER TABLE TB_BOARD ADD (
	CONSTRAINT PK_TB_BOARD
	PRIMARY KEY (BOARD_SEQ, ARTICLE_SEQ)
);

COMMENT ON TABLE TB_BOARD IS '게시판';
COMMENT ON COLUMN TB_BOARD.BOARD_SEQ IS '게시판시퀀스';
COMMENT ON COLUMN TB_BOARD.ARTICLE_SEQ IS '게시물시퀀스 아이디';
COMMENT ON COLUMN TB_BOARD.TITLE IS '제목';
COMMENT ON COLUMN TB_BOARD.CONTENTS IS '내용';
COMMENT ON COLUMN TB_BOARD.ATTACH_SEQ IS '첨부파일시퀀스';
COMMENT ON COLUMN TB_BOARD.VIEW_CNT IS '조회수';
COMMENT ON COLUMN TB_BOARD.DELETE_YN IS '삭제여부';
COMMENT ON COLUMN TB_BOARD.REG_ID IS '등록아이디';
COMMENT ON COLUMN TB_BOARD.REG_DATE IS '등록일';
COMMENT ON COLUMN TB_BOARD.UPD_ID IS '수정아이디';
COMMENT ON COLUMN TB_BOARD.UPD_DATE IS '수정일';

INSERT INTO TB_BOARD (BOARD_SEQ, ARTICLE_SEQ, TITLE, CONTENTS, REG_ID, UPD_ID) VALUES (1, 1, '게시물 제목1', '게시물 내용1', 'admin', 'admin');
INSERT INTO TB_BOARD (BOARD_SEQ, ARTICLE_SEQ, TITLE, CONTENTS, REG_ID, UPD_ID) VALUES (1, 2, '게시물 제목2', '게시물 내용2', 'admin', 'admin');
INSERT INTO TB_BOARD (BOARD_SEQ, ARTICLE_SEQ, TITLE, CONTENTS, REG_ID, UPD_ID) VALUES (1, 3, '게시물 제목3', '게시물 내용3', 'admin', 'admin');
INSERT INTO TB_BOARD (BOARD_SEQ, ARTICLE_SEQ, TITLE, CONTENTS, REG_ID, UPD_ID) VALUES (1, 4, '게시물 제목4', '게시물 내용4', 'admin', 'admin');
INSERT INTO TB_BOARD (BOARD_SEQ, ARTICLE_SEQ, TITLE, CONTENTS, REG_ID, UPD_ID) VALUES (1, 5, '게시물 제목5', '게시물 내용5', 'admin', 'admin');
INSERT INTO TB_BOARD (BOARD_SEQ, ARTICLE_SEQ, TITLE, CONTENTS, REG_ID, UPD_ID) VALUES (1, 6, '게시물 제목6', '게시물 내용6', 'admin', 'admin');
INSERT INTO TB_BOARD (BOARD_SEQ, ARTICLE_SEQ, TITLE, CONTENTS, REG_ID, UPD_ID) VALUES (1, 7, '게시물 제목7', '게시물 내용7', 'admin', 'admin');
INSERT INTO TB_BOARD (BOARD_SEQ, ARTICLE_SEQ, TITLE, CONTENTS, REG_ID, UPD_ID) VALUES (1, 8, '게시물 제목8', '게시물 내용8', 'admin', 'admin');
INSERT INTO TB_BOARD (BOARD_SEQ, ARTICLE_SEQ, TITLE, CONTENTS, REG_ID, UPD_ID) VALUES (1, 9, '게시물 제목9', '게시물 내용9', 'admin', 'admin');
INSERT INTO TB_BOARD (BOARD_SEQ, ARTICLE_SEQ, TITLE, CONTENTS, REG_ID, UPD_ID) VALUES (1, 10, '게시물 제목10', '게시물 내용10', 'admin', 'admin');

===============================================================================

CREATE TABLE TB_ATTACH (
	GROUP_ID		VARCHAR2(100)		NOT NULL,
	ATTACH_SEQ		VARCHAR(30)			NOT NULL,
	FILE_SEQ		NUMBER				NOT NULL,
	FILE_NM			VARCHAR(300)		NOT NULL,
	SAVE_PATH		VARCHAR(600)		NOT NULL,
	SAVE_FILE_NM	VARCHAR(300)		NOT NULL,
	FILE_SIZE		NUMBER				NOT NULL,
	REG_ID			VARCHAR(20)			NOT NULL,
	REG_DATE		DATE				DEFAULT SYSDATE		NOT NULL
);

CREATE UNIQUE INDEX PK_TB_ATTACH ON TB_ATTACH (GROUP_ID, ATTACH_SEQ, FILE_SEQ);

ALTER TABLE TB_ATTACH ADD (
	CONSTRAINT PK_TB_ATTACH
	PRIMARY KEY (GROUP_ID, ATTACH_SEQ, FILE_SEQ)
);

COMMENT ON TABLE TB_ATTACH IS '첨부파일';
COMMENT ON COLUMN TB_ATTACH.GROUP_ID IS '업무아이디';
COMMENT ON COLUMN TB_ATTACH.ATTACH_SEQ IS '첨부파일시퀀스';
COMMENT ON COLUMN TB_ATTACH.FILE_SEQ IS '파일시퀀스';
COMMENT ON COLUMN TB_ATTACH.FILE_NM IS '파일명';
COMMENT ON COLUMN TB_ATTACH.SAVE_PATH IS '저장경로';
COMMENT ON COLUMN TB_ATTACH.SAVE_FILE_NM IS '저장파일명';
COMMENT ON COLUMN TB_ATTACH.FILE_SIZE IS '파일크기';
COMMENT ON COLUMN TB_ATTACH.REG_ID IS '등록아이디';
COMMENT ON COLUMN TB_ATTACH.REG_DATE IS '등록일';

===============================================================================

CREATE TABLE TB_GROUP (
	GROUP_ID	VARCHAR2(100)		NOT NULL, 
	GROUP_NM	VARCHAR2(1000)		NOT NULL,
	REG_ID		VARCHAR(20)			NOT NULL,
	REG_DATE	DATE				DEFAULT SYSDATE		NOT NULL
);

CREATE UNIQUE INDEX PK_TB_GROUP ON TB_GROUP (GROUP_ID);

ALTER TABLE TB_GROUP ADD (
	CONSTRAINT PK_TB_GROUP
	PRIMARY KEY (GROUP_ID)
);

COMMENT ON TABLE TB_GROUP IS '코드그룹';
COMMENT ON COLUMN TB_GROUP.GROUP_ID IS '코드그룹 아이디';
COMMENT ON COLUMN TB_GROUP.GROUP_NM IS '코드그룹명';
COMMENT ON COLUMN TB_GROUP.REG_ID IS '등록아이디';
COMMENT ON COLUMN TB_GROUP.REG_DATE IS '등록일';

INSERT INTO TB_GROUP (GROUP_ID, GROUP_NM, REG_ID) VALUES ('GROUP001', '코드그룹001', 'admin');
INSERT INTO TB_GROUP (GROUP_ID, GROUP_NM, REG_ID) VALUES ('GROUP002', '코드그룹002', 'admin');
INSERT INTO TB_GROUP (GROUP_ID, GROUP_NM, REG_ID) VALUES ('GROUP003', '코드그룹003', 'admin');

===============================================================================

CREATE TABLE TB_CODE (
	CODE_ID		VARCHAR2(100)		NOT NULL, 
	GROUP_ID	VARCHAR2(100)		NOT NULL,
	CODE_NM		VARCHAR2(1000)		NOT NULL,
	CODE_DESC	VARCHAR2(4000),
	USE_YN		VARCHAR2(1)			DEFAULT 'Y'			NOT NULL,
	REG_ID		VARCHAR(20)			NOT NULL,
	REG_DATE	DATE				DEFAULT SYSDATE		NOT NULL, 
	UPD_ID		VARCHAR(20)			NOT NULL,
	UPD_DATE	DATE				DEFAULT SYSDATE		NOT NULL
);

CREATE UNIQUE INDEX PK_TB_CODE ON TB_CODE (CODE_ID);

ALTER TABLE TB_CODE ADD (
	CONSTRAINT PK_TB_CODE
	PRIMARY KEY (CODE_ID)
);

COMMENT ON TABLE TB_CODE IS '그룹코드';
COMMENT ON COLUMN TB_CODE.GROUP_ID IS '코드그룹 아이디';
COMMENT ON COLUMN TB_CODE.CODE_ID IS '그룹코드 아이디';
COMMENT ON COLUMN TB_CODE.CODE_NM IS '그룹코드명';
COMMENT ON COLUMN TB_CODE.CODE_DESC IS '그룹코드 설명';
COMMENT ON COLUMN TB_CODE.USE_YN IS '사용여부';
COMMENT ON COLUMN TB_CODE.REG_ID IS '등록아이디';
COMMENT ON COLUMN TB_CODE.REG_DATE IS '등록일';
COMMENT ON COLUMN TB_CODE.UPD_ID IS '수정아이디';
COMMENT ON COLUMN TB_CODE.UPD_DATE IS '수정일';

INSERT INTO TB_CODE (CODE_ID, GROUP_ID, CODE_NM, CODE_DESC, REG_ID, UPD_ID) VALUES ('CODE001', 'GROUP001', '그룹코드001', '그룹코드001 설명', 'admin', 'admin');
INSERT INTO TB_CODE (CODE_ID, GROUP_ID, CODE_NM, CODE_DESC, REG_ID, UPD_ID) VALUES ('CODE002', 'GROUP001', '그룹코드002', '그룹코드002 설명', 'admin', 'admin');
INSERT INTO TB_CODE (CODE_ID, GROUP_ID, CODE_NM, CODE_DESC, REG_ID, UPD_ID) VALUES ('CODE003', 'GROUP002', '그룹코드003', '그룹코드003 설명', 'admin', 'admin');

===============================================================================

CREATE TABLE TB_CODE_DETAIL (
	CODE_ID		VARCHAR2(100)		NOT NULL,
	CODE		VARCHAR2(100)		NOT NULL,
	CODE_NM		VARCHAR2(1000)		NOT NULL,
	CODE_DESC	VARCHAR2(4000),
	CODE_SORT	NUMBER				NOT NULL,
	ATTR1		VARCHAR2(1000),
	ATTR2		VARCHAR2(1000),
	ATTR3		VARCHAR2(1000),
	ATTR4		VARCHAR2(1000),
	ATTR5		VARCHAR2(1000),
	USE_YN		VARCHAR2(1)			DEFAULT 'Y'			NOT NULL,
	REG_ID		VARCHAR(20)			NOT NULL,
	REG_DATE	DATE				DEFAULT SYSDATE		NOT NULL, 
	UPD_ID		VARCHAR(20)			NOT NULL,
	UPD_DATE	DATE				DEFAULT SYSDATE		NOT NULL
);

CREATE UNIQUE INDEX PK_TB_CODE_DETAIL ON TB_CODE_DETAIL (CODE_ID, CODE);

ALTER TABLE TB_CODE_DETAIL ADD (
	CONSTRAINT PK_TB_CODE_DETAIL
	PRIMARY KEY (CODE_ID, CODE)
);

ALTER TABLE TB_CODE_DETAIL ADD CONSTRAINT FK_TB_CODE_DETAIL_CODE_ID 
FOREIGN KEY (CODE_ID) REFERENCES TB_CODE (CODE_ID);

COMMENT ON TABLE TB_CODE_DETAIL IS '코드 상세';
COMMENT ON COLUMN TB_CODE_DETAIL.CODE_ID IS '그룹코드 아이디';
COMMENT ON COLUMN TB_CODE_DETAIL.CODE IS '코드';
COMMENT ON COLUMN TB_CODE_DETAIL.CODE_NM IS '코드명';
COMMENT ON COLUMN TB_CODE_DETAIL.CODE_DESC IS '코드 설명';
COMMENT ON COLUMN TB_CODE_DETAIL.CODE_SORT IS '정렬순서';
COMMENT ON COLUMN TB_CODE_DETAIL.ATTR1 IS '속성1';
COMMENT ON COLUMN TB_CODE_DETAIL.ATTR2 IS '속성2';
COMMENT ON COLUMN TB_CODE_DETAIL.ATTR3 IS '속성3';
COMMENT ON COLUMN TB_CODE_DETAIL.ATTR4 IS '속성4';
COMMENT ON COLUMN TB_CODE_DETAIL.ATTR5 IS '속성5';
COMMENT ON COLUMN TB_CODE_DETAIL.USE_YN IS '사용여부';
COMMENT ON COLUMN TB_CODE_DETAIL.REG_ID IS '등록아이디';
COMMENT ON COLUMN TB_CODE_DETAIL.REG_DATE IS '등록일';
COMMENT ON COLUMN TB_CODE_DETAIL.UPD_ID IS '수정아이디';
COMMENT ON COLUMN TB_CODE_DETAIL.UPD_DATE IS '수정일';

INSERT INTO TB_CODE_DETAIL (CODE_ID, CODE, CODE_NM, CODE_DESC, CODE_SORT, REG_ID, UPD_ID)
VALUES ('CODE001', 'DETAIL001_001', '코드001_001', '코드001_001 설명', 1, 'admin', 'admin');
INSERT INTO TB_CODE_DETAIL (CODE_ID, CODE, CODE_NM, CODE_DESC, CODE_SORT, REG_ID, UPD_ID)
VALUES ('CODE001', 'DETAIL001_002', '코드001_002', '코드001_002 설명', 2, 'admin', 'admin');
INSERT INTO TB_CODE_DETAIL (CODE_ID, CODE, CODE_NM, CODE_DESC, CODE_SORT, REG_ID, UPD_ID)
VALUES ('CODE001', 'DETAIL001_003', '코드001_003', '코드001_003 설명', 3, 'admin', 'admin');
INSERT INTO TB_CODE_DETAIL (CODE_ID, CODE, CODE_NM, CODE_DESC, CODE_SORT, REG_ID, UPD_ID)
VALUES ('CODE002', 'DETAIL002_001', '코드002_001', '코드002_001 설명', 1, 'admin', 'admin');
INSERT INTO TB_CODE_DETAIL (CODE_ID, CODE, CODE_NM, CODE_DESC, CODE_SORT, REG_ID, UPD_ID)
VALUES ('CODE003', 'DETAIL003_001', '코드003_001', '코드003_001 설명', 1, 'admin', 'admin');
INSERT INTO TB_CODE_DETAIL (CODE_ID, CODE, CODE_NM, CODE_DESC, CODE_SORT, REG_ID, UPD_ID)
VALUES ('CODE003', 'DETAIL003_002', '코드003_002', '코드003_002 설명', 2, 'admin', 'admin');

===============================================================================

CREATE TABLE TB_PROGRAM (
	PROGRAM_SEQ		NUMBER				NOT NULL, 
	PROGRAM_NM		VARCHAR2(1000)		NOT NULL,
	URL				VARCHAR2(1000),
	SSL_YN			VARCHAR2(1)			NOT NULL,
	TARGET			VARCHAR2(10)		NOT NULL,
	MOBILE_YN		VARCHAR2(1)			NOT NULL,
	ETC				VARCHAR2(4000),
	REG_ID			VARCHAR(20)			NOT NULL,
	REG_DATE		DATE				DEFAULT SYSDATE		NOT NULL, 
	UPD_ID			VARCHAR(20)			NOT NULL,
	UPD_DATE		DATE				DEFAULT SYSDATE		NOT NULL
);

CREATE UNIQUE INDEX PK_TB_PROGRAM ON TB_PROGRAM (PROGRAM_SEQ);

ALTER TABLE TB_PROGRAM ADD (
	CONSTRAINT PK_TB_PROGRAM
	PRIMARY KEY (PROGRAM_SEQ)
);

COMMENT ON TABLE TB_PROGRAM IS '프로그램';
COMMENT ON COLUMN TB_PROGRAM.PROGRAM_SEQ IS '프로그램 시퀀스';
COMMENT ON COLUMN TB_PROGRAM.PROGRAM_NM IS '프로그램명';
COMMENT ON COLUMN TB_PROGRAM.URL IS 'URL';
COMMENT ON COLUMN TB_PROGRAM.SSL_YN IS 'SSL적용여부';
COMMENT ON COLUMN TB_PROGRAM.TARGET IS '새창여부';
COMMENT ON COLUMN TB_PROGRAM.MOBILE_YN IS '모바일 메뉴표시여부';
COMMENT ON COLUMN TB_PROGRAM.ETC IS '비고';
COMMENT ON COLUMN TB_PROGRAM.REG_ID IS '등록아이디';
COMMENT ON COLUMN TB_PROGRAM.REG_DATE IS '등록일';
COMMENT ON COLUMN TB_PROGRAM.UPD_ID IS '수정아이디';
COMMENT ON COLUMN TB_PROGRAM.UPD_DATE IS '수정일';

INSERT INTO TB_PROGRAM (PROGRAM_SEQ, PROGRAM_NM, URL, SSL_YN, TARGET, MOBILE_YN, ETC, REG_ID, UPD_ID)
VALUES (1, '사용자관리', '/member/list.do', 'Y', '_self', 'Y', '사용자관리', 'admin', 'admin');
INSERT INTO TB_PROGRAM (PROGRAM_SEQ, PROGRAM_NM, URL, SSL_YN, TARGET, MOBILE_YN, ETC, REG_ID, UPD_ID)
VALUES (2, '조직관리', '/organization/list.do', 'Y', '_self', 'Y', '조직관리', 'admin', 'admin');
INSERT INTO TB_PROGRAM (PROGRAM_SEQ, PROGRAM_NM, URL, SSL_YN, TARGET, MOBILE_YN, ETC, REG_ID, UPD_ID)
VALUES (3, '메뉴관리', '/program/list.do', 'Y', '_self', 'Y', '메뉴관리', 'admin', 'admin');
INSERT INTO TB_PROGRAM (PROGRAM_SEQ, PROGRAM_NM, URL, SSL_YN, TARGET, MOBILE_YN, ETC, REG_ID, UPD_ID)
VALUES (4, '공통코드관리', '/commonCode/list.do', 'Y', '_self', 'Y', '공통코드관리', 'admin', 'admin');
INSERT INTO TB_PROGRAM (PROGRAM_SEQ, PROGRAM_NM, URL, SSL_YN, TARGET, MOBILE_YN, ETC, REG_ID, UPD_ID)
VALUES (5, '샘플 사용자게시판', '/sample/multiconnection/list.do', 'Y', '_self', 'Y', '샘플 사용자게시판', 'admin', 'admin');
INSERT INTO TB_PROGRAM (PROGRAM_SEQ, PROGRAM_NM, URL, SSL_YN, TARGET, MOBILE_YN, ETC, REG_ID, UPD_ID)
VALUES (6, '프로그램관리', '/program/list.do', 'Y', '_self', 'Y', '프로그램관리', 'admin', 'admin');
INSERT INTO TB_PROGRAM (PROGRAM_SEQ, PROGRAM_NM, URL, SSL_YN, TARGET, MOBILE_YN, ETC, REG_ID, UPD_ID)
VALUES (7, '메뉴설정', '/menu/list.do', 'Y', '_self', 'Y', '메뉴설정', 'admin', 'admin');
INSERT INTO TB_PROGRAM (PROGRAM_SEQ, PROGRAM_NM, URL, SSL_YN, TARGET, MOBILE_YN, ETC, REG_ID, UPD_ID)
VALUES (8, '멀티 커넥션', '/sample/multiconnection/list.do', 'Y', '_self', 'Y', '멀티 커넥션', 'admin', 'admin');
INSERT INTO TB_PROGRAM (PROGRAM_SEQ, PROGRAM_NM, URL, SSL_YN, TARGET, MOBILE_YN, ETC, REG_ID, UPD_ID)
VALUES (9, '사용자 게시판', '/sample/board/list.do', 'Y', '_self', 'Y', '사용자 게시판', 'admin', 'admin');
INSERT INTO TB_PROGRAM (PROGRAM_SEQ, PROGRAM_NM, URL, SSL_YN, TARGET, MOBILE_YN, ETC, REG_ID, UPD_ID)
VALUES (10, 'CHUNKED 업로드', '/sample/chunked/view.do', 'Y', '_self', 'Y', 'CHUNKED 업로드', 'admin', 'admin');

===============================================================================

CREATE TABLE TB_SUB_PROGRAM (
	SUB_PROGRAM_SEQ		NUMBER				NOT NULL, 
	PROGRAM_SEQ			NUMBER				NOT NULL, 
	PROGRAM_NM			VARCHAR2(1000)		NOT NULL,
	URL					VARCHAR2(1000),
	ETC					VARCHAR2(4000),
	REG_ID				VARCHAR(20)			NOT NULL,
	REG_DATE			DATE				DEFAULT SYSDATE		NOT NULL,
	UPD_ID				VARCHAR(20)			NOT NULL,
	UPD_DATE			DATE				DEFAULT SYSDATE		NOT NULL
);

CREATE UNIQUE INDEX PK_TB_SUB_PROGRAM ON TB_SUB_PROGRAM (SUB_PROGRAM_SEQ);

ALTER TABLE TB_SUB_PROGRAM ADD (
	CONSTRAINT PK_TB_SUB_PROGRAM
	PRIMARY KEY (SUB_PROGRAM_SEQ)
);

ALTER TABLE TB_SUB_PROGRAM ADD CONSTRAINT FK_TB_SUB_PROGRAM_SEQ 
FOREIGN KEY (PROGRAM_SEQ) REFERENCES TB_PROGRAM (PROGRAM_SEQ);

COMMENT ON TABLE TB_SUB_PROGRAM IS '하위 프로그램';
COMMENT ON COLUMN TB_SUB_PROGRAM.SUB_PROGRAM_SEQ IS '하위 프로그램 시퀀스';
COMMENT ON COLUMN TB_SUB_PROGRAM.PROGRAM_SEQ IS '프로그램 시퀀스';
COMMENT ON COLUMN TB_SUB_PROGRAM.PROGRAM_NM IS '프로그램명';
COMMENT ON COLUMN TB_SUB_PROGRAM.URL IS 'URL';
COMMENT ON COLUMN TB_SUB_PROGRAM.ETC IS '비고';
COMMENT ON COLUMN TB_SUB_PROGRAM.REG_ID IS '등록아이디';
COMMENT ON COLUMN TB_SUB_PROGRAM.REG_DATE IS '등록일';
COMMENT ON COLUMN TB_SUB_PROGRAM.UPD_ID IS '수정아이디';
COMMENT ON COLUMN TB_SUB_PROGRAM.UPD_DATE IS '수정일';

===============================================================================

CREATE TABLE TB_MENU (
	MENU_SEQ			NUMBER				NOT NULL,
	PROGRAM_SEQ			NUMBER				NOT NULL,
	PARENT_MENU_SEQ		NUMBER				NOT NULL,
	MENU_SORT			NUMBER				NOT NULL,
	TAB_YN				VARCHAR2(1)			DEFAULT 'N'			NOT NULL,
	REG_ID				VARCHAR(20)			NOT NULL,
	REG_DATE			DATE				DEFAULT SYSDATE		NOT NULL,
	UPD_ID				VARCHAR(20)			NOT NULL,
	UPD_DATE			DATE				DEFAULT SYSDATE		NOT NULL
);

CREATE UNIQUE INDEX PK_TB_MENU ON TB_MENU (MENU_SEQ);

ALTER TABLE TB_MENU ADD (
	CONSTRAINT PK_TB_MENU
	PRIMARY KEY (MENU_SEQ)
);

COMMENT ON TABLE TB_MENU IS '메뉴';
COMMENT ON COLUMN TB_MENU.MENU_SEQ IS '메뉴 시퀀스';
COMMENT ON COLUMN TB_MENU.PROGRAM_SEQ IS '프로그램 시퀀스';
COMMENT ON COLUMN TB_MENU.PARENT_MENU_SEQ IS '상위 메뉴 시퀀스';
COMMENT ON COLUMN TB_MENU.MENU_SORT IS '같은 뎁스 정렬순서';
COMMENT ON COLUMN TB_MENU.TAB_YN IS '탭여부';
COMMENT ON COLUMN TB_MENU.REG_ID IS '등록아이디';
COMMENT ON COLUMN TB_MENU.REG_DATE IS '등록일';
COMMENT ON COLUMN TB_MENU.UPD_ID IS '수정아이디';
COMMENT ON COLUMN TB_MENU.UPD_DATE IS '수정일';

INSERT INTO TB_MENU (MENU_SEQ, PROGRAM_SEQ, PARENT_MENU_SEQ, MENU_SORT, REG_ID, UPD_ID) VALUES (1, 0, 0, 1, 'admin', 'admin');
INSERT INTO TB_MENU (MENU_SEQ, PROGRAM_SEQ, PARENT_MENU_SEQ, MENU_SORT, REG_ID, UPD_ID) VALUES (2, 1, 1, 1, 'admin', 'admin');
INSERT INTO TB_MENU (MENU_SEQ, PROGRAM_SEQ, PARENT_MENU_SEQ, MENU_SORT, REG_ID, UPD_ID) VALUES (3, 2, 1, 2, 'admin', 'admin');
INSERT INTO TB_MENU (MENU_SEQ, PROGRAM_SEQ, PARENT_MENU_SEQ, MENU_SORT, REG_ID, UPD_ID) VALUES (4, 3, 1, 3, 'admin', 'admin');
INSERT INTO TB_MENU (MENU_SEQ, PROGRAM_SEQ, PARENT_MENU_SEQ, MENU_SORT, REG_ID, UPD_ID) VALUES (5, 4, 1, 4, 'admin', 'admin');
INSERT INTO TB_MENU (MENU_SEQ, PROGRAM_SEQ, PARENT_MENU_SEQ, MENU_SORT, REG_ID, UPD_ID) VALUES (6, 5, 1, 5, 'admin', 'admin');
INSERT INTO TB_MENU (MENU_SEQ, PROGRAM_SEQ, PARENT_MENU_SEQ, MENU_SORT, REG_ID, UPD_ID) VALUES (7, 6, 4, 1, 'admin', 'admin');
INSERT INTO TB_MENU (MENU_SEQ, PROGRAM_SEQ, PARENT_MENU_SEQ, MENU_SORT, REG_ID, UPD_ID) VALUES (8, 7, 4, 2, 'admin', 'admin');
INSERT INTO TB_MENU (MENU_SEQ, PROGRAM_SEQ, PARENT_MENU_SEQ, MENU_SORT, REG_ID, UPD_ID) VALUES (9, 8, 6, 1, 'admin', 'admin');
INSERT INTO TB_MENU (MENU_SEQ, PROGRAM_SEQ, PARENT_MENU_SEQ, MENU_SORT, REG_ID, UPD_ID) VALUES (10, 9, 6, 2, 'admin', 'admin');
INSERT INTO TB_MENU (MENU_SEQ, PROGRAM_SEQ, PARENT_MENU_SEQ, MENU_SORT, REG_ID, UPD_ID) VALUES (11, 10, 6, 3, 'admin', 'admin');

===============================================================================

CREATE TABLE TB_ORGANIZATION (
	ORGANIZATION_ID				VARCHAR2(100)		NOT NULL,
	ORGANIZATION_NM				VARCHAR2(1000),
	PARENT_ORGANIZATION_ID		VARCHAR2(100),
	ETC							VARCHAR2(4000),
	REG_ID						VARCHAR(20)			NOT NULL,
	REG_DATE					DATE				DEFAULT SYSDATE		NOT NULL,
	UPD_ID						VARCHAR(20)			NOT NULL,
	UPD_DATE					DATE				DEFAULT SYSDATE		NOT NULL
);

CREATE UNIQUE INDEX PK_TB_ORGANIZATION ON TB_ORGANIZATION (ORGANIZATION_ID);

ALTER TABLE TB_ORGANIZATION ADD (
	CONSTRAINT PK_TB_ORGANIZATION
	PRIMARY KEY (ORGANIZATION_ID)
);

COMMENT ON TABLE TB_ORGANIZATION IS '조직';
COMMENT ON COLUMN TB_ORGANIZATION.ORGANIZATION_ID IS '조직 아이디';
COMMENT ON COLUMN TB_ORGANIZATION.ORGANIZATION_NM IS '조직명';
COMMENT ON COLUMN TB_ORGANIZATION.PARENT_ORGANIZATION_ID IS '상위 조직 아이디';
COMMENT ON COLUMN TB_ORGANIZATION.ETC IS '비고';
COMMENT ON COLUMN TB_ORGANIZATION.REG_ID IS '등록아이디';
COMMENT ON COLUMN TB_ORGANIZATION.REG_DATE IS '등록일';
COMMENT ON COLUMN TB_ORGANIZATION.UPD_ID IS '수정아이디';
COMMENT ON COLUMN TB_ORGANIZATION.UPD_DATE IS '수정일';

===============================================================================

CREATE SEQUENCE SQTB_BOARD_ARTICLE_SEQ
INCREMENT BY 1
START WITH 1
MINVALUE 1
MAXVALUE 999999999999999999
NOCYCLE
NOCACHE
NOORDER;

===============================================================================

CREATE SEQUENCE SQTB_ATTACH_SEQ
INCREMENT BY 1
START WITH 1
MINVALUE 1
MAXVALUE 999999999999999999
NOCYCLE
NOCACHE
NOORDER;

===============================================================================

CREATE SEQUENCE SQTB_ATTACH_FILE_SEQ
INCREMENT BY 1
START WITH 1
MINVALUE 1
MAXVALUE 999999999999999999
NOCYCLE
NOCACHE
NOORDER;